-- MySQL dump 10.13  Distrib 5.7.23, for Linux (x86_64)
--
-- Host: localhost    Database: cakeorderdb
-- ------------------------------------------------------
-- Server version	5.7.23-0ubuntu0.18.04.1

/*!40101 SET @OLD_CHARACTER_SET_CLIENT=@@CHARACTER_SET_CLIENT */;
/*!40101 SET @OLD_CHARACTER_SET_RESULTS=@@CHARACTER_SET_RESULTS */;
/*!40101 SET @OLD_COLLATION_CONNECTION=@@COLLATION_CONNECTION */;
/*!40101 SET NAMES utf8 */;
/*!40103 SET @OLD_TIME_ZONE=@@TIME_ZONE */;
/*!40103 SET TIME_ZONE='+00:00' */;
/*!40014 SET @OLD_UNIQUE_CHECKS=@@UNIQUE_CHECKS, UNIQUE_CHECKS=0 */;
/*!40014 SET @OLD_FOREIGN_KEY_CHECKS=@@FOREIGN_KEY_CHECKS, FOREIGN_KEY_CHECKS=0 */;
/*!40101 SET @OLD_SQL_MODE=@@SQL_MODE, SQL_MODE='NO_AUTO_VALUE_ON_ZERO' */;
/*!40111 SET @OLD_SQL_NOTES=@@SQL_NOTES, SQL_NOTES=0 */;

--
-- Table structure for table `categories`
--

DROP TABLE IF EXISTS `categories`;
/*!40101 SET @saved_cs_client     = @@character_set_client */;
/*!40101 SET character_set_client = utf8 */;
CREATE TABLE `categories` (
  `id` int(10) unsigned NOT NULL AUTO_INCREMENT,
  `name` varchar(255) COLLATE utf8mb4_unicode_ci NOT NULL,
  `parent` varchar(255) COLLATE utf8mb4_unicode_ci NOT NULL,
  `created_at` timestamp NULL DEFAULT NULL,
  `updated_at` timestamp NULL DEFAULT NULL,
  PRIMARY KEY (`id`)
) ENGINE=InnoDB AUTO_INCREMENT=6 DEFAULT CHARSET=utf8mb4 COLLATE=utf8mb4_unicode_ci;
/*!40101 SET character_set_client = @saved_cs_client */;

--
-- Dumping data for table `categories`
--

LOCK TABLES `categories` WRITE;
/*!40000 ALTER TABLE `categories` DISABLE KEYS */;
INSERT INTO `categories` VALUES (1,'Birthday Cake','0','2018-08-02 23:14:45','2018-08-02 23:14:45'),(2,'Anniversary Cake','0','2018-08-02 23:14:55','2018-08-02 23:14:55'),(5,'cake slice','0','2018-09-10 12:12:34','2018-09-10 12:12:34');
/*!40000 ALTER TABLE `categories` ENABLE KEYS */;
UNLOCK TABLES;

--
-- Table structure for table `category_product`
--

DROP TABLE IF EXISTS `category_product`;
/*!40101 SET @saved_cs_client     = @@character_set_client */;
/*!40101 SET character_set_client = utf8 */;
CREATE TABLE `category_product` (
  `product_id` int(10) unsigned NOT NULL,
  `category_id` int(10) unsigned NOT NULL,
  `created_at` timestamp NULL DEFAULT NULL,
  `updated_at` timestamp NULL DEFAULT NULL,
  KEY `category_product_product_id_foreign` (`product_id`),
  KEY `category_product_category_id_foreign` (`category_id`),
  CONSTRAINT `category_product_category_id_foreign` FOREIGN KEY (`category_id`) REFERENCES `categories` (`id`) ON DELETE CASCADE,
  CONSTRAINT `category_product_product_id_foreign` FOREIGN KEY (`product_id`) REFERENCES `products` (`id`) ON DELETE CASCADE
) ENGINE=InnoDB DEFAULT CHARSET=utf8mb4 COLLATE=utf8mb4_unicode_ci;
/*!40101 SET character_set_client = @saved_cs_client */;

--
-- Dumping data for table `category_product`
--

LOCK TABLES `category_product` WRITE;
/*!40000 ALTER TABLE `category_product` DISABLE KEYS */;
INSERT INTO `category_product` VALUES (4,1,NULL,NULL),(5,1,NULL,NULL),(3,5,NULL,NULL),(2,5,NULL,NULL),(1,5,NULL,NULL),(6,1,NULL,NULL),(7,1,NULL,NULL),(8,1,NULL,NULL),(9,1,NULL,NULL),(10,1,NULL,NULL),(11,1,NULL,NULL);
/*!40000 ALTER TABLE `category_product` ENABLE KEYS */;
UNLOCK TABLES;

--
-- Table structure for table `customers`
--

DROP TABLE IF EXISTS `customers`;
/*!40101 SET @saved_cs_client     = @@character_set_client */;
/*!40101 SET character_set_client = utf8 */;
CREATE TABLE `customers` (
  `id` int(10) unsigned NOT NULL AUTO_INCREMENT,
  `name` varchar(255) COLLATE utf8mb4_unicode_ci NOT NULL,
  `phone` varchar(255) COLLATE utf8mb4_unicode_ci NOT NULL,
  `location` varchar(50) COLLATE utf8mb4_unicode_ci DEFAULT NULL,
  `address` varchar(255) COLLATE utf8mb4_unicode_ci NOT NULL,
  `created_at` timestamp NULL DEFAULT NULL,
  `updated_at` timestamp NULL DEFAULT NULL,
  PRIMARY KEY (`id`)
) ENGINE=InnoDB AUTO_INCREMENT=24 DEFAULT CHARSET=utf8mb4 COLLATE=utf8mb4_unicode_ci;
/*!40101 SET character_set_client = @saved_cs_client */;

--
-- Dumping data for table `customers`
--

LOCK TABLES `customers` WRITE;
/*!40000 ALTER TABLE `customers` DISABLE KEYS */;
INSERT INTO `customers` VALUES (1,'thura','09403488850',NULL,'Sanchaung','2018-08-02 23:31:43','2018-08-02 23:31:43'),(2,'thura','mgaungthurawin@gmail.com',NULL,'Sanchaung','2018-08-13 04:56:18','2018-08-13 04:56:18'),(3,'test','test@gmail.com','SANCHAUNG','blah blah','2018-08-13 06:53:37','2018-08-13 06:53:37'),(4,'Hanni','09425372234','SANCHAUNG','jjkl;','2018-08-31 10:16:22','2018-08-31 10:16:22'),(5,'Nyo Lay Htike','09799855210','SANCHAUNG','No 10, Min Lann Street, Sanchaung Township','2018-08-31 15:04:06','2018-08-31 15:04:06'),(6,'Kyu Kyu Khin','09796576835','KYIMYINTDINE','No 20,  Shwe Hlaing Street,','2018-09-09 14:47:19','2018-09-09 14:47:19'),(7,'Su Su','09 421149841','ALONE','no 20, sin min market street, Ahlone','2018-09-10 12:17:01','2018-09-10 12:17:01'),(8,'Htet Ei','09799855210','KYIMYINTDINE','kyimyintdine','2018-09-17 09:52:03','2018-09-17 09:52:03'),(9,'Nyo Lay Htike','09799855210','KYIMYINTDINE','kyimyintdine','2018-09-17 09:52:44','2018-09-17 09:52:44'),(10,'Hanni','09799855210','ALONE','Ahlone','2018-09-17 09:59:12','2018-09-17 09:59:12'),(11,'Htet Ei','09799855210','SANCHAUNG','sanchaung','2018-09-17 10:38:09','2018-09-17 10:38:09'),(12,'Pann Ei','09425372234','SANCHAUNG','san chaung','2018-09-17 10:40:22','2018-09-17 10:40:22'),(13,'Pann Ei','09425372234','SANCHAUNG','ggg','2018-09-17 10:53:58','2018-09-17 10:53:58'),(14,'Hanni','09799855210','SANCHAUNG','hdhfkl','2018-09-17 10:57:10','2018-09-17 10:57:10'),(15,'Hanni','09799855210','SANCHAUNG','hdhfkl','2018-09-17 10:58:01','2018-09-17 10:58:01'),(16,'Hanni','09799855210','SANCHAUNG','hdhfkl','2018-09-17 10:59:00','2018-09-17 10:59:00'),(17,'Pann Ei','09425372234','SANCHAUNG','Sanchaung','2018-09-17 15:47:57','2018-09-17 15:47:57'),(18,'Pann Ei','09425372234','ALONE','jjj','2018-09-18 10:36:04','2018-09-18 10:36:04'),(19,'Pann Ei','099999','ALONE','jjj','2018-09-18 10:37:54','2018-09-18 10:37:54'),(20,'Nyo Lay Htike','09799855210','KYIMYINTDINE','Kyi Myint Dine','2018-09-19 03:56:25','2018-09-19 03:56:25'),(21,'Nyo Lay Htike','09799855210','KYIMYINTDINE','Kyi Myint Dine','2018-09-19 03:56:27','2018-09-19 03:56:27'),(22,'Hanni','09425372234','SANCHAUNG','san','2018-09-19 05:42:49','2018-09-19 05:42:49'),(23,'Hanni','09425372234','SANCHAUNG','san chaung','2018-09-20 03:57:12','2018-09-20 03:57:12');
/*!40000 ALTER TABLE `customers` ENABLE KEYS */;
UNLOCK TABLES;

--
-- Table structure for table `migrations`
--

DROP TABLE IF EXISTS `migrations`;
/*!40101 SET @saved_cs_client     = @@character_set_client */;
/*!40101 SET character_set_client = utf8 */;
CREATE TABLE `migrations` (
  `id` int(10) unsigned NOT NULL AUTO_INCREMENT,
  `migration` varchar(255) COLLATE utf8mb4_unicode_ci NOT NULL,
  `batch` int(11) NOT NULL,
  PRIMARY KEY (`id`)
) ENGINE=InnoDB AUTO_INCREMENT=8 DEFAULT CHARSET=utf8mb4 COLLATE=utf8mb4_unicode_ci;
/*!40101 SET character_set_client = @saved_cs_client */;

--
-- Dumping data for table `migrations`
--

LOCK TABLES `migrations` WRITE;
/*!40000 ALTER TABLE `migrations` DISABLE KEYS */;
INSERT INTO `migrations` VALUES (1,'2014_10_12_000000_create_users_table',1),(2,'2014_10_12_100000_create_password_resets_table',1),(3,'2018_01_20_092729_categries_table',1),(4,'2018_01_22_104558_create_product_table',1),(5,'2018_01_24_041417_product_category',1),(6,'2018_01_25_103235_create_order_table',1),(7,'2018_03_02_053124_create_customer_tables',1);
/*!40000 ALTER TABLE `migrations` ENABLE KEYS */;
UNLOCK TABLES;

--
-- Table structure for table `orders`
--

DROP TABLE IF EXISTS `orders`;
/*!40101 SET @saved_cs_client     = @@character_set_client */;
/*!40101 SET character_set_client = utf8 */;
CREATE TABLE `orders` (
  `id` int(10) unsigned NOT NULL AUTO_INCREMENT,
  `order_id` varchar(255) COLLATE utf8mb4_unicode_ci NOT NULL,
  `product_id` int(10) unsigned NOT NULL,
  `customer_id` int(10) unsigned NOT NULL,
  `order_status` tinyint(1) unsigned NOT NULL,
  `cake_text` varchar(100) COLLATE utf8mb4_unicode_ci DEFAULT NULL,
  `order_date` datetime DEFAULT NULL,
  `delivery_date` datetime DEFAULT NULL,
  `created_at` timestamp NULL DEFAULT NULL,
  `updated_at` timestamp NULL DEFAULT NULL,
  PRIMARY KEY (`id`),
  KEY `orders_product_id_foreign` (`product_id`),
  CONSTRAINT `orders_product_id_foreign` FOREIGN KEY (`product_id`) REFERENCES `products` (`id`)
) ENGINE=InnoDB AUTO_INCREMENT=136 DEFAULT CHARSET=utf8mb4 COLLATE=utf8mb4_unicode_ci;
/*!40101 SET character_set_client = @saved_cs_client */;

--
-- Dumping data for table `orders`
--

LOCK TABLES `orders` WRITE;
/*!40000 ALTER TABLE `orders` DISABLE KEYS */;
INSERT INTO `orders` VALUES (1,'531533278138',1,1,0,NULL,NULL,NULL,'2018-08-03 00:05:38','2018-08-03 00:05:38'),(2,'571533278207',1,1,0,NULL,NULL,NULL,'2018-08-03 00:06:47','2018-08-03 00:06:47'),(3,'751533278258',1,1,0,NULL,NULL,NULL,'2018-08-03 00:07:38','2018-08-03 00:07:38'),(4,'101533359097',2,1,0,NULL,NULL,NULL,'2018-08-03 22:34:57','2018-08-03 22:34:57'),(5,'931533359556',2,1,0,NULL,NULL,NULL,'2018-08-03 22:42:36','2018-08-03 22:42:36'),(6,'471533359819',2,1,0,NULL,NULL,NULL,'2018-08-03 22:46:59','2018-08-03 22:46:59'),(7,'341533359849',2,1,0,NULL,NULL,NULL,'2018-08-03 22:47:29','2018-08-03 22:47:29'),(8,'111533359959',2,1,0,NULL,NULL,NULL,'2018-08-03 22:49:19','2018-08-03 22:49:19'),(9,'691533359996',2,1,0,NULL,NULL,NULL,'2018-08-03 22:49:56','2018-08-03 22:49:56'),(10,'601533360010',2,1,0,NULL,NULL,NULL,'2018-08-03 22:50:10','2018-08-03 22:50:10'),(11,'201533360153',2,1,0,NULL,NULL,NULL,'2018-08-03 22:52:33','2018-08-03 22:52:33'),(12,'811533360265',2,1,0,NULL,NULL,NULL,'2018-08-03 22:54:25','2018-08-03 22:54:25'),(13,'481533360555',2,1,0,NULL,NULL,NULL,'2018-08-03 22:59:15','2018-08-03 22:59:15'),(14,'871533360625',2,1,0,NULL,NULL,NULL,'2018-08-03 23:00:25','2018-08-03 23:00:25'),(15,'401533360678',2,1,0,NULL,NULL,NULL,'2018-08-03 23:01:18','2018-08-03 23:01:18'),(16,'551533360694',2,1,0,NULL,NULL,NULL,'2018-08-03 23:01:34','2018-08-03 23:01:34'),(17,'261533360747',2,1,0,NULL,NULL,NULL,'2018-08-03 23:02:27','2018-08-03 23:02:27'),(18,'671533360761',2,1,0,NULL,NULL,NULL,'2018-08-03 23:02:41','2018-08-03 23:02:41'),(19,'161533360771',2,1,0,NULL,NULL,NULL,'2018-08-03 23:02:51','2018-08-03 23:02:51'),(20,'241533360808',2,1,0,NULL,NULL,NULL,'2018-08-03 23:03:28','2018-08-03 23:03:28'),(21,'991533360875',2,1,0,NULL,NULL,NULL,'2018-08-03 23:04:35','2018-08-03 23:04:35'),(22,'171533360901',2,1,0,NULL,NULL,NULL,'2018-08-03 23:05:01','2018-08-03 23:05:01'),(23,'101533361242',2,1,0,NULL,NULL,NULL,'2018-08-03 23:10:42','2018-08-03 23:10:42'),(24,'571533361251',2,1,0,NULL,NULL,NULL,'2018-08-03 23:10:51','2018-08-03 23:10:51'),(25,'131533361316',2,1,0,NULL,NULL,NULL,'2018-08-03 23:11:56','2018-08-03 23:11:56'),(26,'631533361438',2,1,0,NULL,NULL,NULL,'2018-08-03 23:13:58','2018-08-03 23:13:58'),(27,'291533361513',1,1,0,NULL,NULL,NULL,'2018-08-04 05:45:13','2018-08-04 05:45:13'),(28,'361533361531',1,1,0,NULL,NULL,NULL,'2018-08-04 05:45:31','2018-08-04 05:45:31'),(29,'481533361546',1,1,0,NULL,NULL,NULL,'2018-08-04 05:45:46','2018-08-04 05:45:46'),(30,'551533361570',1,1,0,NULL,NULL,NULL,'2018-08-04 05:46:10','2018-08-04 05:46:10'),(31,'811533361676',1,1,1,NULL,NULL,NULL,'2018-08-04 05:47:56','2018-08-04 06:01:13'),(32,'121533361686',1,1,0,NULL,NULL,NULL,'2018-08-04 05:48:06','2018-08-31 14:47:08'),(33,'241534136178',2,2,0,NULL,NULL,NULL,'2018-08-13 04:56:18','2018-08-13 04:56:18'),(34,'801534143217',3,3,0,NULL,NULL,NULL,'2018-08-13 06:53:37','2018-08-13 06:53:37'),(35,'141534309449',2,3,0,NULL,NULL,NULL,'2018-08-15 05:04:09','2018-08-15 05:04:09'),(36,'501534917580',1,1,0,NULL,NULL,NULL,'2018-08-22 05:59:40','2018-08-22 05:59:40'),(37,'501534917580',2,1,0,NULL,NULL,NULL,'2018-08-22 05:59:40','2018-08-22 05:59:40'),(38,'511534917657',1,1,0,NULL,NULL,NULL,'2018-08-22 06:00:57','2018-08-22 06:00:57'),(39,'511534917657',2,1,0,NULL,NULL,NULL,'2018-08-22 06:00:57','2018-08-22 06:00:57'),(40,'751534917715',1,1,0,NULL,NULL,NULL,'2018-08-22 06:01:55','2018-08-22 06:01:55'),(41,'751534917715',2,1,0,NULL,NULL,NULL,'2018-08-22 06:01:55','2018-08-22 06:01:55'),(42,'871534917769',1,1,0,NULL,NULL,NULL,'2018-08-22 06:02:49','2018-08-22 06:02:49'),(43,'871534917769',2,1,0,NULL,NULL,NULL,'2018-08-22 06:02:49','2018-08-22 06:02:49'),(44,'671535169074',1,3,0,NULL,NULL,NULL,'2018-08-25 03:51:14','2018-08-25 03:51:14'),(45,'671535169074',2,3,0,NULL,NULL,NULL,'2018-08-25 03:51:14','2018-08-25 03:51:14'),(46,'641535169100',1,3,0,NULL,NULL,NULL,'2018-08-25 03:51:40','2018-08-25 03:51:40'),(47,'641535169100',2,3,0,NULL,NULL,NULL,'2018-08-25 03:51:40','2018-08-25 03:51:40'),(48,'361535169132',1,3,0,NULL,NULL,NULL,'2018-08-25 03:52:12','2018-08-25 03:52:12'),(49,'361535169132',2,3,0,NULL,NULL,NULL,'2018-08-25 03:52:12','2018-08-25 03:52:12'),(50,'681535169148',1,3,0,NULL,NULL,NULL,'2018-08-25 03:52:28','2018-08-25 03:52:28'),(51,'681535169148',2,3,0,NULL,NULL,NULL,'2018-08-25 03:52:28','2018-08-25 03:52:28'),(52,'471535169172',1,3,0,NULL,NULL,NULL,'2018-08-25 03:52:52','2018-08-25 03:52:52'),(53,'471535169172',2,3,0,NULL,NULL,NULL,'2018-08-25 03:52:52','2018-08-25 03:52:52'),(54,'761535169190',1,3,0,NULL,NULL,NULL,'2018-08-25 03:53:10','2018-08-25 03:53:10'),(55,'761535169190',2,3,0,NULL,NULL,NULL,'2018-08-25 03:53:10','2018-08-25 03:53:10'),(56,'381535169202',1,3,0,NULL,NULL,NULL,'2018-08-25 03:53:22','2018-08-25 03:53:22'),(57,'381535169202',2,3,0,NULL,NULL,NULL,'2018-08-25 03:53:22','2018-08-25 03:53:22'),(58,'881535171931',1,1,0,NULL,NULL,NULL,'2018-08-25 04:38:51','2018-08-25 04:38:51'),(59,'881535171931',2,1,0,NULL,NULL,NULL,'2018-08-25 04:38:51','2018-08-25 04:38:51'),(60,'881535171931',3,1,0,NULL,NULL,NULL,'2018-08-25 04:38:51','2018-08-25 04:38:51'),(61,'591535708272',2,1,0,NULL,NULL,NULL,'2018-08-31 09:37:52','2018-08-31 09:37:52'),(62,'591535708272',1,1,0,NULL,NULL,NULL,'2018-08-31 09:37:52','2018-08-31 09:37:52'),(63,'601535708341',2,1,0,NULL,NULL,NULL,'2018-08-31 09:39:01','2018-08-31 09:39:01'),(64,'421535708480',2,1,0,NULL,NULL,NULL,'2018-08-31 09:41:20','2018-08-31 09:41:20'),(65,'371535708663',3,1,1,NULL,NULL,NULL,'2018-08-31 09:44:23','2018-08-31 14:56:03'),(66,'621535710582',3,4,0,NULL,NULL,NULL,'2018-08-31 10:16:22','2018-08-31 10:16:22'),(67,'221535727846',2,5,0,NULL,NULL,NULL,'2018-08-31 15:04:06','2018-08-31 15:04:06'),(68,'551535728040',2,4,0,NULL,NULL,NULL,'2018-08-31 15:07:21','2018-08-31 15:07:21'),(69,'171536309730',3,4,0,NULL,NULL,NULL,'2018-09-07 08:42:11','2018-09-07 08:42:11'),(70,'721536309912',3,5,0,NULL,NULL,NULL,'2018-09-07 08:45:12','2018-09-07 08:45:12'),(71,'611536503520',1,4,0,NULL,NULL,NULL,'2018-09-09 14:32:00','2018-09-09 14:32:00'),(72,'781536503774',3,5,0,NULL,NULL,NULL,'2018-09-09 14:36:14','2018-09-09 14:36:14'),(73,'971536504439',2,6,0,NULL,NULL,NULL,'2018-09-09 14:47:19','2018-09-09 14:47:19'),(74,'841536581821',5,7,0,NULL,NULL,NULL,'2018-09-10 12:17:02','2018-09-10 12:17:02'),(75,'301536642698',3,4,0,NULL,NULL,NULL,'2018-09-11 05:11:39','2018-09-11 05:11:39'),(76,'811536642791',3,5,0,NULL,NULL,NULL,'2018-09-11 05:13:11','2018-09-11 05:13:11'),(77,'411536821175',2,4,0,NULL,NULL,NULL,'2018-09-13 06:46:15','2018-09-13 06:46:15'),(78,'231536821230',2,4,0,NULL,NULL,NULL,'2018-09-13 06:47:10','2018-09-13 06:47:10'),(79,'461537161725',1,4,0,NULL,NULL,NULL,'2018-09-17 05:22:06','2018-09-17 05:22:06'),(80,'711537161771',1,4,0,NULL,NULL,NULL,'2018-09-17 05:22:51','2018-09-17 05:22:51'),(81,'131537161939',1,4,0,NULL,NULL,NULL,'2018-09-17 05:25:39','2018-09-17 05:25:39'),(82,'731537162290',1,4,0,'0',NULL,NULL,'2018-09-17 05:31:30','2018-09-17 05:31:30'),(83,'191537162513',1,4,0,'Happy Birthday',NULL,NULL,'2018-09-17 05:35:14','2018-09-17 05:35:14'),(84,'931537168309',1,4,0,'2018-09-25',NULL,NULL,'2018-09-17 07:11:49','2018-09-17 07:11:49'),(85,'571537168759',3,4,0,'Happy Birthday',NULL,NULL,'2018-09-17 07:19:19','2018-09-17 07:19:19'),(86,'1',1,1,1,'test','2018-09-30 00:00:00','2018-09-30 00:00:00',NULL,NULL),(87,'951537169347',3,4,0,'Happy Birthday',NULL,NULL,'2018-09-17 07:29:07','2018-09-17 07:29:07'),(88,'511537169923',1,4,0,'Happy Birthday','2018-09-17 14:08:44',NULL,'2018-09-17 07:38:44','2018-09-17 07:38:44'),(89,'271537170045',2,5,0,'Happy Birthday','2018-09-17 14:10:45','2018-09-18 14:10:45','2018-09-17 07:40:45','2018-09-17 07:40:45'),(90,'971537176451',1,4,0,'Happy Birthday','2018-09-17 15:57:31','2018-09-19 15:57:31','2018-09-17 09:27:31','2018-09-17 09:27:31'),(91,'651537177560',1,4,0,'Happy Birthday','2018-09-17 16:16:00','2018-09-19 16:16:00','2018-09-17 09:46:00','2018-09-17 09:46:00'),(92,'611537177649',1,4,0,'Happy Birthday','2018-09-17 16:17:29','2018-09-19 16:17:29','2018-09-17 09:47:29','2018-09-17 09:47:29'),(93,'551537177690',1,4,0,'Happy Birthday','2018-09-17 16:18:10','2018-09-19 16:18:10','2018-09-17 09:48:10','2018-09-17 09:48:10'),(94,'291537177924',1,8,0,'Happy Birthday','2018-09-17 16:22:05','2018-09-19 16:22:03','2018-09-17 09:52:05','2018-09-17 09:52:05'),(95,'521537177964',1,9,0,'Happy Birthday','2018-09-17 16:22:44','2018-09-19 16:22:44','2018-09-17 09:52:44','2018-09-17 09:52:44'),(96,'151537178352',2,10,0,'Happy Birthday','2018-09-17 16:29:12','2018-09-19 16:29:12','2018-09-17 09:59:12','2018-09-17 09:59:12'),(97,'651537180690',2,11,0,'Happy Birthday','2018-09-17 17:08:10','2018-09-19 17:08:09','2018-09-17 10:38:10','2018-09-17 10:38:10'),(98,'751537180822',2,12,0,'Happy Birthday','2018-09-17 17:10:22','2018-09-19 17:10:22','2018-09-17 10:40:22','2018-09-17 10:40:22'),(99,'201537181638',2,13,0,'Happy Birthday','2018-09-17 17:23:58','2018-09-19 17:23:58','2018-09-17 10:53:58','2018-09-17 10:53:58'),(100,'811537181830',2,14,0,'Happy Birthday','2018-09-17 17:27:10','2018-09-19 17:27:10','2018-09-17 10:57:10','2018-09-17 10:57:10'),(101,'521537181881',2,15,0,'Happy Birthday','2018-09-17 17:28:02','2018-09-19 17:28:01','2018-09-17 10:58:02','2018-09-17 10:58:02'),(102,'491537181941',2,16,0,'Happy Birthday','2018-09-17 17:29:01','2018-09-19 17:29:00','2018-09-17 10:59:01','2018-09-17 10:59:01'),(103,'591537199277',1,17,0,'Happy Birthday','2018-09-17 22:17:57','2018-09-18 22:17:57','2018-09-17 15:47:57','2018-09-17 15:47:57'),(104,'371537243752',2,4,0,NULL,NULL,NULL,'2018-09-18 04:09:12','2018-09-18 04:09:12'),(105,'371537243752',4,4,0,NULL,NULL,NULL,'2018-09-18 04:09:12','2018-09-18 04:09:12'),(106,'571537243947',4,5,0,NULL,NULL,NULL,'2018-09-18 04:12:27','2018-09-18 04:12:27'),(107,'571537243947',3,5,0,NULL,NULL,NULL,'2018-09-18 04:12:27','2018-09-18 04:12:27'),(108,'341537244611',4,4,0,NULL,NULL,NULL,'2018-09-18 04:23:31','2018-09-18 04:23:31'),(109,'341537244611',8,4,0,NULL,NULL,NULL,'2018-09-18 04:23:31','2018-09-18 04:23:31'),(110,'241537244959',1,4,0,NULL,NULL,NULL,'2018-09-18 04:29:19','2018-09-18 04:29:19'),(111,'241537244959',4,4,0,NULL,NULL,NULL,'2018-09-18 04:29:19','2018-09-18 04:29:19'),(112,'911537266605',4,5,0,NULL,NULL,NULL,'2018-09-18 10:30:05','2018-09-18 10:30:05'),(113,'181537266885',7,4,0,NULL,NULL,NULL,'2018-09-18 10:34:45','2018-09-18 10:34:45'),(114,'191537266964',5,18,0,'Happy Birthday','2018-09-18 17:06:04','2018-09-19 17:06:04','2018-09-18 10:36:04','2018-09-18 10:36:04'),(115,'721537267074',2,19,0,'22 th','2018-09-18 17:07:54','2018-10-05 17:07:54','2018-09-18 10:37:54','2018-09-18 10:37:54'),(116,'881537328926',1,4,0,NULL,NULL,NULL,'2018-09-19 03:48:46','2018-09-19 03:48:46'),(117,'881537328926',4,4,0,NULL,NULL,NULL,'2018-09-19 03:48:46','2018-09-19 03:48:46'),(118,'391537329385',1,20,0,'Happy Birthday','2018-09-19 10:26:27','2018-09-28 10:26:25','2018-09-19 03:56:27','2018-09-19 03:56:27'),(119,'561537329388',1,21,0,'Happy Birthday','2018-09-19 10:26:28','2018-09-28 10:26:27','2018-09-19 03:56:28','2018-09-19 03:56:28'),(120,'191537335502',11,4,0,NULL,NULL,NULL,'2018-09-19 05:38:22','2018-09-19 05:38:22'),(121,'191537335502',4,4,0,NULL,NULL,NULL,'2018-09-19 05:38:22','2018-09-19 05:38:22'),(122,'301537335769',11,22,0,'Happy Birthday','2018-09-19 12:12:49','2018-09-28 12:12:49','2018-09-19 05:42:49','2018-09-19 05:42:49'),(123,'281537415588',7,4,0,NULL,NULL,NULL,'2018-09-20 03:53:08','2018-09-20 03:53:08'),(124,'281537415588',8,4,0,NULL,NULL,NULL,'2018-09-20 03:53:09','2018-09-20 03:53:09'),(125,'301537415832',8,23,0,'Happy Birthday','2018-09-20 10:27:13','2018-09-21 10:27:12','2018-09-20 03:57:13','2018-09-20 03:57:13'),(126,'201537438011',7,4,0,NULL,NULL,NULL,'2018-09-20 10:06:51','2018-09-20 10:06:51'),(127,'401537438233',10,4,0,NULL,NULL,NULL,'2018-09-20 10:10:33','2018-09-20 10:10:33'),(128,'401537438233',7,4,0,NULL,NULL,NULL,'2018-09-20 10:10:33','2018-09-20 10:10:33'),(129,'401537438233',7,4,0,NULL,NULL,NULL,'2018-09-20 10:10:33','2018-09-20 10:10:33'),(130,'461537438255',7,4,0,NULL,NULL,NULL,'2018-09-20 10:10:55','2018-09-20 10:10:55'),(131,'211537438288',7,5,0,NULL,NULL,NULL,'2018-09-20 10:11:28','2018-09-20 10:11:28'),(132,'881537438324',7,5,0,NULL,NULL,NULL,'2018-09-20 10:12:04','2018-09-20 10:12:04'),(133,'351537438701',4,4,0,NULL,NULL,NULL,'2018-09-20 10:18:21','2018-09-20 10:18:21'),(134,'411537505149',4,5,0,NULL,NULL,NULL,'2018-09-21 04:45:49','2018-09-21 04:45:49'),(135,'461537505307',4,4,0,NULL,NULL,NULL,'2018-09-21 04:48:27','2018-09-21 04:48:27');
/*!40000 ALTER TABLE `orders` ENABLE KEYS */;
UNLOCK TABLES;

--
-- Table structure for table `password_resets`
--

DROP TABLE IF EXISTS `password_resets`;
/*!40101 SET @saved_cs_client     = @@character_set_client */;
/*!40101 SET character_set_client = utf8 */;
CREATE TABLE `password_resets` (
  `email` varchar(255) COLLATE utf8mb4_unicode_ci NOT NULL,
  `token` varchar(255) COLLATE utf8mb4_unicode_ci NOT NULL,
  `created_at` timestamp NULL DEFAULT NULL,
  KEY `password_resets_email_index` (`email`)
) ENGINE=InnoDB DEFAULT CHARSET=utf8mb4 COLLATE=utf8mb4_unicode_ci;
/*!40101 SET character_set_client = @saved_cs_client */;

--
-- Dumping data for table `password_resets`
--

LOCK TABLES `password_resets` WRITE;
/*!40000 ALTER TABLE `password_resets` DISABLE KEYS */;
/*!40000 ALTER TABLE `password_resets` ENABLE KEYS */;
UNLOCK TABLES;

--
-- Table structure for table `products`
--

DROP TABLE IF EXISTS `products`;
/*!40101 SET @saved_cs_client     = @@character_set_client */;
/*!40101 SET character_set_client = utf8 */;
CREATE TABLE `products` (
  `id` int(10) unsigned NOT NULL AUTO_INCREMENT,
  `title` varchar(255) COLLATE utf8mb4_unicode_ci NOT NULL,
  `price` int(11) NOT NULL,
  `stock` int(11) NOT NULL DEFAULT '0',
  `description` text COLLATE utf8mb4_unicode_ci,
  `weigh` varchar(255) COLLATE utf8mb4_unicode_ci NOT NULL,
  `image` text COLLATE utf8mb4_unicode_ci NOT NULL,
  `created_at` timestamp NULL DEFAULT NULL,
  `updated_at` timestamp NULL DEFAULT NULL,
  PRIMARY KEY (`id`)
) ENGINE=InnoDB AUTO_INCREMENT=12 DEFAULT CHARSET=utf8mb4 COLLATE=utf8mb4_unicode_ci;
/*!40101 SET character_set_client = @saved_cs_client */;

--
-- Dumping data for table `products`
--

LOCK TABLES `products` WRITE;
/*!40000 ALTER TABLE `products` DISABLE KEYS */;
INSERT INTO `products` VALUES (1,'Blackberry flavor cake',5000,75,NULL,'small','images/1533286298.bbcake.jpg','2018-08-03 02:21:38','2018-09-19 03:56:28'),(2,'Blackberry flavor cake',5500,72,NULL,'medium','images/1533286325.bbcake.jpg','2018-08-03 02:22:05','2018-09-18 10:37:54'),(3,'Blackberry flavor cake',6000,60,NULL,'big','images/1533286349.bbcake.jpg','2018-08-03 02:22:29','2018-09-17 07:33:53'),(4,'mommy cake',24000,100,NULL,'medium','images/1536581497.mommy.jpg','2018-09-10 12:11:39','2018-09-10 12:11:39'),(5,'mommy cake',32000,98,NULL,'big','images/1536581535.mommy.jpg','2018-09-10 12:12:15','2018-09-18 10:36:04'),(6,'minion cake',30000,100,NULL,'big','images/1536581628.Minion-Birthday-Cake.png','2018-09-10 12:13:48','2018-09-10 12:13:48'),(7,'Frozen cake',20000,100,NULL,'small','images/1536581663.frozen-birthday-cake.jpg','2018-09-10 12:14:23','2018-09-10 12:14:23'),(8,'Pooh cake',18000,99,NULL,'small','images/1536581698.pooh.jpeg','2018-09-10 12:14:58','2018-09-20 03:57:12'),(9,'minion cake',22000,100,NULL,'medium','images/1536581890.Minion-Birthday-Cake.png','2018-09-10 12:18:10','2018-09-10 12:18:10'),(10,'Rabbit cake',24000,100,NULL,'small','images/1536581933.rabbit.jpeg','2018-09-10 12:18:53','2018-09-11 04:22:10'),(11,'Daddy cake',24000,99,NULL,'small','images/1536581989.daddycake.png','2018-09-10 12:19:49','2018-09-19 05:42:49');
/*!40000 ALTER TABLE `products` ENABLE KEYS */;
UNLOCK TABLES;

--
-- Table structure for table `users`
--

DROP TABLE IF EXISTS `users`;
/*!40101 SET @saved_cs_client     = @@character_set_client */;
/*!40101 SET character_set_client = utf8 */;
CREATE TABLE `users` (
  `id` int(10) unsigned NOT NULL AUTO_INCREMENT,
  `name` varchar(255) COLLATE utf8mb4_unicode_ci NOT NULL,
  `email` varchar(255) COLLATE utf8mb4_unicode_ci NOT NULL,
  `password` varchar(255) COLLATE utf8mb4_unicode_ci NOT NULL,
  `is_admin` tinyint(1) NOT NULL,
  `remember_token` varchar(100) COLLATE utf8mb4_unicode_ci DEFAULT NULL,
  `created_at` timestamp NULL DEFAULT NULL,
  `updated_at` timestamp NULL DEFAULT NULL,
  PRIMARY KEY (`id`),
  UNIQUE KEY `users_email_unique` (`email`)
) ENGINE=InnoDB AUTO_INCREMENT=3 DEFAULT CHARSET=utf8mb4 COLLATE=utf8mb4_unicode_ci;
/*!40101 SET character_set_client = @saved_cs_client */;

--
-- Dumping data for table `users`
--

LOCK TABLES `users` WRITE;
/*!40000 ALTER TABLE `users` DISABLE KEYS */;
INSERT INTO `users` VALUES (1,'thura','mgaungthurawin@gmail.com','$2y$10$J4zhp1V1oN5ox0K5MG/wGOSYRxC7Y4yO1GRVCUZzGIgDqsrPhrnLK',1,'p9hzjdNjOMxRGmt93w4eFuQpfyYTMHBrzR4dolAJLAuOwvZag8CwqNTbMm1F','2018-08-02 23:14:30','2018-08-02 23:14:30'),(2,'nyolay','nyolayhtike2018@gmail.com','$2y$10$ad01P25Zkt7rIFHjZYV7zub44tVR753bwCTRS147W/cOkizGt2jGO',1,NULL,'2018-09-07 08:39:03','2018-09-07 08:39:03');
/*!40000 ALTER TABLE `users` ENABLE KEYS */;
UNLOCK TABLES;
/*!40103 SET TIME_ZONE=@OLD_TIME_ZONE */;

/*!40101 SET SQL_MODE=@OLD_SQL_MODE */;
/*!40014 SET FOREIGN_KEY_CHECKS=@OLD_FOREIGN_KEY_CHECKS */;
/*!40014 SET UNIQUE_CHECKS=@OLD_UNIQUE_CHECKS */;
/*!40101 SET CHARACTER_SET_CLIENT=@OLD_CHARACTER_SET_CLIENT */;
/*!40101 SET CHARACTER_SET_RESULTS=@OLD_CHARACTER_SET_RESULTS */;
/*!40101 SET COLLATION_CONNECTION=@OLD_COLLATION_CONNECTION */;
/*!40111 SET SQL_NOTES=@OLD_SQL_NOTES */;

-- Dump completed on 2018-09-21 11:38:00
